ULN,First Name,Last Name,Date of Birth,UKPRN,Registration date,Core code,Specialism codes
9900000001,First Name 1,Last Name 1,10012006,99999901,22092020,77777777,70000001
9900000002,First Name 2,Last Name 2,11032006,99999901,22092020,77777777,70000002
9900000003,First Name 3,Last Name 3,10042006,99999901,22092020,77777777,70000002
9900000004,First Name 4,Last Name 4,11052006,99999901,22092020,77777777,70000002
9900000005,First Name 5,Last Name 5,10062006,99999901,22092020,77777777,70000002
9900000006,First Name 6,Last Name 6,11072006,99999901,22092020,77777777,70000002
9900000007,First Name 7,Last Name 7,10082006,99999901,22092020,77777777,70000002
9900000008,First Name 8,Last Name 8,11092006,99999901,22092020,77777777,70000002
9900000009,First Name 9,Last Name 9,10102006,99999901,22092020,77777777,70000002
9900000010,First Name 10,Last Name 10,11112006,99999901,22092020,77777777,70000001
9900000011,First Name 11,Last Name 11,10122006,99999901,22092020,77777777,70000001
9900000012,First Name 12,Last Name 12,01012006,99999901,22092020,77777777,70000001
9900000013,First Name 13,Last Name 13,01022006,99999901,22092020,77777777,70000001
9900000014,First Name 14,Last Name 14,01032006,99999901,22092020,77777777,70000001
9900000015,First Name 15,Last Name 15,01042006,99999901,22092020,77777777,70000001
9900000016,First Name 16,Last Name 16,01052006,99999901,22092020,77777777,70000001
9900000017,First Name 17,Last Name 17,01062006,99999901,22092020,77777777,70000001
9900000018,First Name 18,Last Name 18,01072006,99999901,22092020,77777777,70000001
9900000019,First Name 19,Last Name 19,01082006,99999901,22092020,77777777,70000001
9900000020,First Name 20,Last Name 20,01092006,99999901,22092020,77777777,70000001
9900000021,First Name 21,Last Name 21,01102006,99999901,22092020,77777777,70000001
9900000022,First Name 22,Last Name 22,01112006,99999901,22092020,77777777,70000001
9900000023,First Name 23,Last Name 23,01122006,99999901,22092020,77777777,70000001
9900000024,First Name 24,Last Name 24,31012006,99999901,22092020,77777777,70000001
9900000025,First Name 25,Last Name 25,28022006,99999901,22092020,77777777,70000001
9900000026,First Name 26,Last Name 26,29032006,99999901,22092020,77777777,70000001
9900000027,First Name 27,Last Name 27,30042006,99999901,22092020,77777777,70000001
9900000028,First Name 28,Last Name 28,31052006,99999901,22092020,77777777,70000001
9900000029,First Name 29,Last Name 29,31052006,99999901,22092020,77777777,70000001